USE employee_attendance;

SET FOREIGN_KEY_CHECKS = 0;

TRUNCATE TABLE LeaveRecord;
TRUNCATE TABLE Attendance;
TRUNCATE TABLE Employee;
TRUNCATE TABLE UserLogin;
TRUNCATE TABLE Department;
TRUNCATE TABLE Shift;
TRUNCATE TABLE Holiday;
TRUNCATE TABLE LeaveType;

SET FOREIGN_KEY_CHECKS = 1;

INSERT INTO Department (DepartmentID, Department_name, Location) VALUES 
(1, 'IT', 'Floor 1'), 
(2, 'HR', 'Floor 2'), 
(3, 'Sales', 'Floor 3'), 
(4, 'Finance', 'Floor 4'), 
(5, 'Marketing', 'Floor 5');

INSERT INTO UserLogin (UserID, Username, PasswordHash, Role, Last_login) VALUES
(1, 'nnahuy', '123456', 'Employee', '2025-09-27 08:30:00'),
(2, 'ndhai', '123456', 'Manager', '2025-09-27 08:45:00'), 
(3, 'ntan', '123456', 'Manager', '2025-09-27 08:20:00'), 
(4, 'ntmthu', '123456', 'Manager', '2025-09-27 08:35:00'),
(5, 'nnanh', '123456', 'Admin', '2025-09-27 08:50:00'),
(6, 'nmhieu', '123456', 'Manager', '2025-09-27 08:55:00'),
(7, 'ltmai', '123456', 'Employee', '2025-09-27 09:00:00'),
(8, 'pvnam', '123456', 'Employee', '2025-09-27 09:05:00'),
(9, 'nhlinh', '123456', 'Manager', '2025-09-27 08:25:00'),
(10, 'dtquan', '123456', 'Employee', '2025-09-27 09:10:00');

INSERT INTO Employee (EmployeeID, Name, Ssn, Address, Salary, Email, Sex, Birthday, DepartmentID, UserID) VALUES
(1, 'Nguyễn Nhật Anh Huy', '123456789', 'Ho Chi Minh', 1500.09, 'ITITWE23031@gmail.com', 'Male', '2003-01-01', 1, 1),
(2, 'Nguyễn Đức Hải', '234567890', 'Ha Noi', 1859.20, 'ITDSIU23006@gmail.com', 'Male', '2003-02-15', 1, 2),
(3, 'Nguyễn Tâm An', '345678901', 'Can Tho', 2209.80, 'ITITDK23036@gmail.com', 'Male', '2003-03-20', 2, 3),
(4, 'Nguyễn Trần Minh Thư', '456789012', 'Hai Phong', 2100.25, 'ITITWE24025@gmail.com', 'Female', '2004-01-01', 3, 4),
(5, 'Nguyễn Nhật Anh', '567890123', 'Ho Chi Minh', 1472.88, 'ITITWE23045@gmail.com', 'Male', '2005-12-08', 4, 5),
(6, 'Nguyễn Minh Hiếu', '678901234', 'Ca Mau', 1697.23, 'ITITDK23019@gmail.com', 'Male', '2003-05-25', 5, 6),
(7, 'Lê Thị Mai', '789012345', 'Da Nang', 1550.50, 'ITITWE23050@gmail.com', 'Female', '2003-06-30', 1, 7),
(8, 'Phạm Văn Nam', '890123456', 'Nha Trang', 1820.75, 'ITITDK23025@gmail.com', 'Male', '2003-07-12', 2, 8),
(9, 'Nguyễn Hồng Linh', '901234567', 'Vung Tau', 2350.90, 'ITITWE23055@gmail.com', 'Female', '2002-08-18', 4, 9),
(10, 'Đỗ Trung Quân', '012345678', 'Quy Nhon', 1625.40, 'ITITDK23030@gmail.com', 'Male', '2003-09-22', 5, 10);

UPDATE Department SET ManagerEmployeeID = 2 WHERE DepartmentID = 1;
UPDATE Department SET ManagerEmployeeID = 3 WHERE DepartmentID = 2;
UPDATE Department SET ManagerEmployeeID = 4 WHERE DepartmentID = 3;
UPDATE Department SET ManagerEmployeeID = 9 WHERE DepartmentID = 4;
UPDATE Department SET ManagerEmployeeID = 6 WHERE DepartmentID = 5;

INSERT INTO Shift (ShiftID, Shift_name, Start_time, End_time) VALUES
(1, 'Day', '09:00:00', '17:30:00'),
(2, 'Night', '22:00:00', '06:00:00'),
(3, 'Morning', '07:00:00', '15:00:00'),
(4, 'Evening', '13:00:00', '21:00:00');

INSERT INTO Holiday (HolidayDate, HolidayName, Description) VALUES
('2025-01-01', 'New Year', 'Nam moi'),
('2025-04-30', 'Reunification Day', 'Giai phong mien Nam'),
('2025-05-01', 'International Labor Day', 'Quoc te lao dong'),
('2025-09-02', 'National Day', 'Quoc khanh');

INSERT INTO LeaveType (LeaveTypeID, LeaveType_name, MaxDaysAllowed) VALUES
(1, 'Sick', 12),
(2, 'Annual', 12),
(3, 'Unpaid', 0),
(4, 'Maternity', 180);

INSERT INTO Attendance (EmployeeID, WorkDate, ShiftID, HolidayID, Status, CheckIn, CheckOut) VALUES
(1, '2025-09-15', 1, NULL, 'Present', '2025-09-15 09:00:00', '2025-09-15 17:30:00'),
(2, '2025-09-15', 1, NULL, 'Late', '2025-09-15 09:20:00', '2025-09-15 17:30:00'),
(3, '2025-09-15', 1, NULL, 'Present', '2025-09-15 09:00:00', '2025-09-15 17:30:00'),
(4, '2025-09-15', 3, NULL, 'Present', '2025-09-15 07:00:00', '2025-09-15 15:00:00'),
(5, '2025-09-15', 1, NULL, 'Present', '2025-09-15 09:00:00', '2025-09-15 17:30:00'),
(6, '2025-09-15', 4, NULL, 'Present', '2025-09-15 13:00:00', '2025-09-15 21:00:00'),
(7, '2025-09-15', 1, NULL, 'Present', '2025-09-15 09:00:00', '2025-09-15 17:30:00'),
(8, '2025-09-15', 1, NULL, 'Present', '2025-09-15 09:00:00', '2025-09-15 17:30:00'),
(9, '2025-09-15', 1, NULL, 'Present', '2025-09-15 09:00:00', '2025-09-15 17:30:00'),
(10, '2025-09-15', 2, NULL, 'Present', '2025-09-15 22:00:00', '2025-09-16 06:00:00'),

(1, '2025-09-16', 1, NULL, 'Present', '2025-09-16 09:00:00', '2025-09-16 17:30:00'),
(2, '2025-09-16', 1, NULL, 'Present', '2025-09-16 09:00:00', '2025-09-16 17:30:00'),
(3, '2025-09-16', 1, NULL, 'Absent', NULL, NULL),
(4, '2025-09-16', 3, NULL, 'Present', '2025-09-16 07:00:00', '2025-09-16 15:00:00'),
(5, '2025-09-16', 1, NULL, 'Present', '2025-09-16 09:00:00', '2025-09-16 17:30:00'),
(6, '2025-09-16', 4, NULL, 'Present', '2025-09-16 13:00:00', NULL),
(7, '2025-09-16', 1, NULL, 'Leave', NULL, NULL),
(8, '2025-09-16', 1, NULL, 'Present', '2025-09-16 09:00:00', '2025-09-16 17:30:00'),
(9, '2025-09-16', 1, NULL, 'Present', '2025-09-16 09:00:00', '2025-09-16 17:30:00'),
(10, '2025-09-16', 2, NULL, 'Present', '2025-09-16 22:00:00', '2025-09-17 06:00:00'),

(1, '2025-09-17', 1, NULL, 'Late', '2025-09-17 09:30:00', '2025-09-17 17:30:00'),
(2, '2025-09-17', 1, NULL, 'Present', '2025-09-17 09:00:00', '2025-09-17 17:30:00'),
(3, '2025-09-17', 1, NULL, 'Present', '2025-09-17 09:00:00', '2025-09-17 17:30:00'),
(4, '2025-09-17', 3, NULL, 'Present', '2025-09-17 07:00:00', '2025-09-17 15:00:00'),
(5, '2025-09-17', 1, NULL, 'Leave', NULL, NULL),
(6, '2025-09-17', 4, NULL, 'Present', '2025-09-17 13:00:00', '2025-09-17 21:00:00'),
(7, '2025-09-17', 1, NULL, 'Leave', NULL, NULL),
(8, '2025-09-17', 1, NULL, 'Present', '2025-09-17 09:00:00', '2025-09-17 17:30:00'),
(9, '2025-09-17', 1, NULL, 'Present', '2025-09-17 09:00:00', '2025-09-17 17:30:00'),
(10, '2025-09-17', 2, NULL, 'Present', '2025-09-17 22:00:00', '2025-09-18 06:00:00'),

(1, '2025-09-18', 1, NULL, 'Present', '2025-09-18 09:00:00', '2025-09-18 17:30:00'),
(2, '2025-09-18', 1, NULL, 'Present', '2025-09-18 09:00:00', '2025-09-18 17:30:00'),
(3, '2025-09-18', 1, NULL, 'Present', '2025-09-18 09:00:00', '2025-09-18 17:30:00'),
(4, '2025-09-18', 3, NULL, 'Leave', NULL, NULL),
(5, '2025-09-18', 1, NULL, 'Leave', NULL, NULL),
(6, '2025-09-18', 4, NULL, 'Present', '2025-09-18 13:00:00', '2025-09-18 21:00:00'),
(7, '2025-09-18', 1, NULL, 'Present', '2025-09-18 09:00:00', '2025-09-18 17:30:00'),
(8, '2025-09-18', 1, NULL, 'Present', '2025-09-18 09:00:00', '2025-09-18 17:30:00'),
(9, '2025-09-18', 1, NULL, 'Present', '2025-09-18 09:00:00', '2025-09-18 17:30:00'),
(10, '2025-09-18', 2, NULL, 'Absent', NULL, NULL),

(1, '2025-09-19', 1, NULL, 'Present', '2025-09-19 09:00:00', '2025-09-19 17:30:00'),
(2, '2025-09-19', 1, NULL, 'Present', '2025-09-19 09:00:00', '2025-09-19 17:30:00'),
(3, '2025-09-19', 1, NULL, 'Late', '2025-09-19 09:40:00', '2025-09-19 17:30:00'),
(4, '2025-09-19', 3, NULL, 'Present', '2025-09-19 07:00:00', '2025-09-19 15:00:00'),
(5, '2025-09-19', 1, NULL, 'Leave', NULL, NULL),
(6, '2025-09-19', 4, NULL, 'Present', '2025-09-19 13:00:00', '2025-09-19 21:00:00'),
(7, '2025-09-19', 1, NULL, 'Present', '2025-09-19 09:00:00', '2025-09-19 17:30:00'),
(8, '2025-09-19', 1, NULL, 'Present', '2025-09-19 09:00:00', '2025-09-19 17:30:00'),
(9, '2025-09-19', 1, NULL, 'Present', '2025-09-19 09:00:00', '2025-09-19 17:30:00'),
(10, '2025-09-19', 2, NULL, 'Present', '2025-09-19 22:00:00', '2025-09-20 06:00:00'),

(1, '2025-09-22', 1, NULL, 'Present', '2025-09-22 09:00:00', '2025-09-22 17:30:00'),
(2, '2025-09-22', 1, NULL, 'Present', '2025-09-22 09:00:00', '2025-09-22 17:30:00'),
(3, '2025-09-22', 1, NULL, 'Present', '2025-09-22 09:00:00', '2025-09-22 17:30:00'),
(4, '2025-09-22', 3, NULL, 'Present', '2025-09-22 07:00:00', '2025-09-22 15:00:00'),
(5, '2025-09-22', 1, NULL, 'Present', '2025-09-22 09:00:00', '2025-09-22 17:30:00'),
(6, '2025-09-22', 4, NULL, 'Present', '2025-09-22 13:00:00', '2025-09-22 21:00:00'),
(7, '2025-09-22', 1, NULL, 'Present', '2025-09-22 09:00:00', '2025-09-22 17:30:00'),
(8, '2025-09-22', 1, NULL, 'Late', '2025-09-22 09:15:00', '2025-09-22 17:30:00'),
(9, '2025-09-22', 1, NULL, 'Present', '2025-09-22 09:00:00', '2025-09-22 17:30:00'),
(10, '2025-09-22', 2, NULL, 'Present', '2025-09-22 22:00:00', '2025-09-23 06:00:00'),

(1, '2025-09-23', 1, NULL, 'Present', '2025-09-23 09:00:00', '2025-09-23 17:30:00'),
(2, '2025-09-23', 1, NULL, 'Present', '2025-09-23 09:00:00', '2025-09-23 17:30:00'),
(3, '2025-09-23', 1, NULL, 'Present', '2025-09-23 09:00:00', '2025-09-23 17:30:00'),
(4, '2025-09-23', 3, NULL, 'Present', '2025-09-23 07:00:00', '2025-09-23 15:00:00'),
(5, '2025-09-23', 1, NULL, 'Present', '2025-09-23 09:00:00', '2025-09-23 17:30:00'),
(6, '2025-09-23', 4, NULL, 'Absent', NULL, NULL),
(7, '2025-09-23', 1, NULL, 'Present', '2025-09-23 09:00:00', '2025-09-23 17:30:00'),
(8, '2025-09-23', 1, NULL, 'Present', '2025-09-23 09:00:00', '2025-09-23 17:30:00'),
(9, '2025-09-23', 1, NULL, 'Present', '2025-09-23 09:00:00', '2025-09-23 17:30:00'),
(10, '2025-09-23', 2, NULL, 'Present', '2025-09-23 22:00:00', '2025-09-24 06:00:00'),

(1, '2025-09-24', 1, NULL, 'Present', '2025-09-24 09:00:00', '2025-09-24 17:30:00'),
(2, '2025-09-24', 1, NULL, 'Present', '2025-09-24 09:00:00', '2025-09-24 17:30:00'),
(3, '2025-09-24', 1, NULL, 'Present', '2025-09-24 09:00:00', '2025-09-24 17:30:00'),
(4, '2025-09-24', 3, NULL, 'Present', '2025-09-24 07:00:00', '2025-09-24 15:00:00'),
(5, '2025-09-24', 1, NULL, 'Leave', NULL, NULL),
(6, '2025-09-24', 4, NULL, 'Present', '2025-09-24 13:00:00', '2025-09-24 21:00:00'),
(7, '2025-09-24', 1, NULL, 'Present', '2025-09-24 09:00:00', '2025-09-24 17:30:00'),
(8, '2025-09-24', 1, NULL, 'Present', '2025-09-24 09:00:00', '2025-09-24 17:30:00'),
(9, '2025-09-24', 1, NULL, 'Present', '2025-09-24 09:00:00', '2025-09-24 17:30:00'),
(10, '2025-09-24', 2, NULL, 'Present', '2025-09-24 22:00:00', '2025-09-25 06:00:00'),

(1, '2025-09-25', 1, NULL, 'Present', '2025-09-25 09:00:00', '2025-09-25 17:30:00'),
(2, '2025-09-25', 1, NULL, 'Leave', NULL, NULL),
(3, '2025-09-25', 1, NULL, 'Present', '2025-09-25 09:00:00', '2025-09-25 17:30:00'),
(4, '2025-09-25', 3, NULL, 'Present', '2025-09-25 07:00:00', '2025-09-25 15:00:00'),
(5, '2025-09-25', 1, NULL, 'Leave', NULL, NULL),
(6, '2025-09-25', 4, NULL, 'Present', '2025-09-25 13:00:00', '2025-09-25 21:00:00'),
(7, '2025-09-25', 1, NULL, 'Present', '2025-09-25 09:00:00', '2025-09-25 17:30:00'),
(8, '2025-09-25', 1, NULL, 'Present', '2025-09-25 09:00:00', '2025-09-25 17:30:00'),
(9, '2025-09-25', 1, NULL, 'Present', '2025-09-25 09:00:00', '2025-09-25 17:30:00'),
(10, '2025-09-25', 2, NULL, 'Present', '2025-09-25 22:00:00', '2025-09-26 06:00:00'),

(1, '2025-09-26', 1, NULL, 'Present', '2025-09-26 09:00:00', '2025-09-26 17:30:00'),
(2, '2025-09-26', 1, NULL, 'Present', '2025-09-26 09:00:00', '2025-09-26 17:30:00'),
(3, '2025-09-26', 1, NULL, 'Present', '2025-09-26 09:00:00', '2025-09-26 17:30:00'),
(4, '2025-09-26', 3, NULL, 'Present', '2025-09-26 07:00:00', '2025-09-26 15:00:00'),
(5, '2025-09-26', 1, NULL, 'Leave', NULL, NULL),
(6, '2025-09-26', 4, NULL, 'Present', '2025-09-26 13:00:00', '2025-09-26 21:00:00'),
(7, '2025-09-26', 1, NULL, 'Absent', NULL, NULL),
(8, '2025-09-26', 1, NULL, 'Late', '2025-09-26 09:25:00', '2025-09-26 17:30:00'),
(9, '2025-09-26', 1, NULL, 'Present', '2025-09-26 09:00:00', '2025-09-26 17:30:00'),
(10, '2025-09-26', 2, NULL, 'Present', '2025-09-26 22:00:00', '2025-09-27 06:00:00'),

(1, '2025-05-01', 1, 3, 'Holiday', NULL, NULL),
(2, '2025-05-01', 1, 3, 'Holiday', NULL, NULL),
(3, '2025-05-01', 1, 3, 'Holiday', NULL, NULL),
(4, '2025-05-01', 3, 3, 'Holiday', NULL, NULL),
(5, '2025-05-01', 1, 3, 'Holiday', NULL, NULL),
(6, '2025-05-01', 4, 3, 'Holiday', NULL, NULL),
(7, '2025-05-01', 1, 3, 'Holiday', NULL, NULL),
(8, '2025-05-01', 1, 3, 'Holiday', NULL, NULL),
(9, '2025-05-01', 1, 3, 'Holiday', NULL, NULL),
(10, '2025-05-01', 2, 3, 'Holiday', NULL, NULL),

(1, '2025-09-02', 1, 4, 'Holiday', NULL, NULL),
(2, '2025-09-02', 1, 4, 'Holiday', NULL, NULL),
(3, '2025-09-02', 1, 4, 'Holiday', NULL, NULL),
(4, '2025-09-02', 3, 4, 'Holiday', NULL, NULL),
(5, '2025-09-02', 1, 4, 'Holiday', NULL, NULL),
(6, '2025-09-02', 4, 4, 'Holiday', NULL, NULL),
(7, '2025-09-02', 1, 4, 'Holiday', NULL, NULL),
(8, '2025-09-02', 1, 4, 'Holiday', NULL, NULL),
(9, '2025-09-02', 1, 4, 'Holiday', NULL, NULL),
(10, '2025-09-02', 2, 4, 'Holiday', NULL, NULL);

INSERT INTO LeaveRecord (EmployeeID, LeaveTypeID, Start_date, End_date, Status, Reason) VALUES
(2, 1, '2025-09-25', '2025-09-25', 'Approved', 'Sick leave'),
(5, 2, '2025-09-24', '2025-09-26', 'Approved', 'Annual vacation'),
(7, 1, '2025-09-16', '2025-09-17', 'Approved', 'Medical checkup'),
(4, 2, '2025-09-18', '2025-09-18', 'Approved', 'Personal matter'),
(3, 1, '2025-10-05', '2025-10-07', 'Pending', 'Flu symptoms'),
(8, 2, '2025-10-10', '2025-10-15', 'Pending', 'Family vacation'),
(1, 3, '2025-10-20', '2025-10-22', 'Rejected', 'Insufficient notice'),
(9, 4, '2025-11-01', '2026-04-30', 'Approved', 'Maternity leave'),
(10, 1, '2025-09-30', '2025-10-01', 'Pending', 'Doctor appointment'),
(6, 2, '2025-11-15', '2025-11-20', 'Approved', 'Wedding preparation');